accuracy,precision,recall,f1,roc_auc,pr_auc,confusion_matrix,p95_ms
0.9975,0.9545454545454546,1.0,0.9767441860465116,0.9998743560748837,0.9978354978354982,"[[378, 1], [0, 21]]",0.11898127250606194
